<?xml version="1.0" encoding="UTF-8"?>
<!DOCTYPE mapper PUBLIC "-//mybatis.org//DTD Mapper 3.0//EN" "http://mybatis.org/dtd/mybatis-3-mapper.dtd">

<mapper namespace="com.board.mapper.CommentMapper">

	<sql id="commentColumns">
		  idx
		, board_idx
		, content
		, writer
		, delete_yn
		, insert_time
		, update_time
		, delete_time
	</sql>

	<insert id="insertComment" parameterType="CommentDTO">
		INSERT INTO tb_comment (
			<include refid="commentColumns" />
		) VALUES (
			  #{idx}
			, #{boardIdx}
			, #{content}
			, #{writer}
			, IFNULL(#{deleteYn}, 'N')
			, NOW()
			, NULL
			, NULL
		)
	</insert>

	<select id="selectCommentDetail" parameterType="long" resultType="CommentDTO">
		SELECT
			<include refid="commentColumns" />
		FROM
			tb_comment
		WHERE
			delete_yn = 'N'
		AND
			idx = #{idx}
	</select>

	<update id="updateComment" parameterType="CommentDTO">
		UPDATE tb_comment
		SET
			  update_time = NOW()
			, content = #{content}
			, writer = #{writer}
		WHERE
			idx = #{idx}
	</update>

	<update id="deleteComment" parameterType="long">
		UPDATE tb_comment
		SET
			  delete_yn = 'Y'
			, delete_time = NOW()
		WHERE
			idx = #{idx}
	</update>

	<select id="selectCommentList" parameterType="CommentDTO" resultType="CommentDTO">
		SELECT
			<include refid="commentColumns" />
		FROM
			tb_comment
		WHERE
			delete_yn = 'N'
		AND
			board_idx = #{boardIdx}
		ORDER BY
			idx DESC,
			insert_time DESC
	</select>

	<select id="selectCommentTotalCount" parameterType="CommentDTO" resultType="int">
		SELECT
			COUNT(*)
		FROM
			tb_comment
		WHERE
			delete_yn = 'N'
		AND
			board_idx = #{boardIdx}
	</select>

</mapper>